RMSE,MAE,MAPE,sMAPE,R2
6.812597320132064,4.801068829192223,1.3089588871656659,1.3109614961528036,0.9995287373736081
