zone_id,RMSE,MAE,MAPE,sMAPE,R2
Z1,7.20340476736602,4.058928147531749,1.0676052793699553,1.0677404644376103,0.9994928956772663
Z2,6.531736224684524,4.051036765953804,1.127680762008192,1.1288397122351834,0.9995788069327288
Z3,7.016884274954898,4.1148755009637545,1.059398407535867,1.0597387743132545,0.9994948997275191
Z4,7.6493378819944775,4.443548559338295,1.1225306001385034,1.1223087189683412,0.9994001703704865
Z5,6.579614856851051,3.822130327939254,1.0654877681307862,1.0645996005265885,0.9995205677010485
Z6,7.036110987872928,4.1038695395053235,1.0874679760441985,1.0876578773360883,0.9995034634597035
Z7,7.928050374450429,4.421455251985343,1.0756637402305766,1.0775242851580702,0.9993752421132367
Z8,5.77626755458043,3.5597400451267776,1.039765959219537,1.039002570630601,0.9996440267532424
